raceId,year,round,circuitId,name,date,time,url
1,2009,1,1,"Australian Grand Prix","2009-03-29","06:00:00","http://en.wikipedia.org/wiki/2009_Australian_Grand_Prix"
2,2009,2,2,"Malaysian Grand Prix","2009-04-05","09:00:00","http://en.wikipedia.org/wiki/2009_Malaysian_Grand_Prix"
3,2009,3,17,"Chinese Grand Prix","2009-04-19","07:00:00","http://en.wikipedia.org/wiki/2009_Chinese_Grand_Prix"
4,2009,4,3,"Bahrain Grand Prix","2009-04-26","12:00:00","http://en.wikipedia.org/wiki/2009_Bahrain_Grand_Prix"
5,2009,5,4,"Spanish Grand Prix","2009-05-10","12:00:00","http://en.wikipedia.org/wiki/2009_Spanish_Grand_Prix"
6,2009,6,6,"Monaco Grand Prix","2009-05-24","12:00:00","http://en.wikipedia.org/wiki/2009_Monaco_Grand_Prix"
7,2009,7,5,"Turkish Grand Prix","2009-06-07","12:00:00","http://en.wikipedia.org/wiki/2009_Turkish_Grand_Prix"
8,2009,8,9,"British Grand Prix","2009-06-21","12:00:00","http://en.wikipedia.org/wiki/2009_British_Grand_Prix"
9,2009,9,20,"German Grand Prix","2009-07-12","12:00:00","http://en.wikipedia.org/wiki/2009_German_Grand_Prix"
10,2009,10,11,"Hungarian Grand Prix","2009-07-26","12:00:00","http://en.wikipedia.org/wiki/2009_Hungarian_Grand_Prix"
11,2009,11,12,"European Grand Prix","2009-08-23","12:00:00","http://en.wikipedia.org/wiki/2009_European_Grand_Prix"
12,2009,12,13,"Belgian Grand Prix","2009-08-30","12:00:00","http://en.wikipedia.org/wiki/2009_Belgian_Grand_Prix"
13,2009,13,14,"Italian Grand Prix","2009-09-13","12:00:00","http://en.wikipedia.org/wiki/2009_Italian_Grand_Prix"
14,2009,14,15,"Singapore Grand Prix","2009-09-27","12:00:00","http://en.wikipedia.org/wiki/2009_Singapore_Grand_Prix"
15,2009,15,22,"Japanese Grand Prix","2009-10-04","05:00:00","http://en.wikipedia.org/wiki/2009_Japanese_Grand_Prix"
16,2009,16,18,"Brazilian Grand Prix","2009-10-18","16:00:00","http://en.wikipedia.org/wiki/2009_Brazilian_Grand_Prix"
17,2009,17,24,"Abu Dhabi Grand Prix","2009-11-01","11:00:00","http://en.wikipedia.org/wiki/2009_Abu_Dhabi_Grand_Prix"
18,2008,1,1,"Australian Grand Prix","2008-03-16","04:30:00","http://en.wikipedia.org/wiki/2008_Australian_Grand_Prix"
19,2008,2,2,"Malaysian Grand Prix","2008-03-23","07:00:00","http://en.wikipedia.org/wiki/2008_Malaysian_Grand_Prix"
20,2008,3,3,"Bahrain Grand Prix","2008-04-06","11:30:00","http://en.wikipedia.org/wiki/2008_Bahrain_Grand_Prix"
21,2008,4,4,"Spanish Grand Prix","2008-04-27","12:00:00","http://en.wikipedia.org/wiki/2008_Spanish_Grand_Prix"
22,2008,5,5,"Turkish Grand Prix","2008-05-11","12:00:00","http://en.wikipedia.org/wiki/2008_Turkish_Grand_Prix"
23,2008,6,6,"Monaco Grand Prix","2008-05-25","12:00:00","http://en.wikipedia.org/wiki/2008_Monaco_Grand_Prix"
24,2008,7,7,"Canadian Grand Prix","2008-06-08","17:00:00","http://en.wikipedia.org/wiki/2008_Canadian_Grand_Prix"
25,2008,8,8,"French Grand Prix","2008-06-22","12:00:00","http://en.wikipedia.org/wiki/2008_French_Grand_Prix"
26,2008,9,9,"British Grand Prix","2008-07-06","12:00:00","http://en.wikipedia.org/wiki/2008_British_Grand_Prix"
27,2008,10,10,"German Grand Prix","2008-07-20","12:00:00","http://en.wikipedia.org/wiki/2008_German_Grand_Prix"
28,2008,11,11,"Hungarian Grand Prix","2008-08-03","12:00:00","http://en.wikipedia.org/wiki/2008_Hungarian_Grand_Prix"
29,2008,12,12,"European Grand Prix","2008-08-24","12:00:00","http://en.wikipedia.org/wiki/2008_European_Grand_Prix"
30,2008,13,13,"Belgian Grand Prix","2008-09-07","12:00:00","http://en.wikipedia.org/wiki/2008_Belgian_Grand_Prix"
31,2008,14,14,"Italian Grand Prix","2008-09-14","12:00:00","http://en.wikipedia.org/wiki/2008_Italian_Grand_Prix"
32,2008,15,15,"Singapore Grand Prix","2008-09-28","12:00:00","http://en.wikipedia.org/wiki/2008_Singapore_Grand_Prix"
33,2008,16,16,"Japanese Grand Prix","2008-10-12","04:30:00","http://en.wikipedia.org/wiki/2008_Japanese_Grand_Prix"
34,2008,17,17,"Chinese Grand Prix","2008-10-19","07:00:00","http://en.wikipedia.org/wiki/2008_Chinese_Grand_Prix"
35,2008,18,18,"Brazilian Grand Prix","2008-11-02","17:00:00","http://en.wikipedia.org/wiki/2008_Brazilian_Grand_Prix"
36,2007,1,1,"Australian Grand Prix","2007-03-18","03:00:00","http://en.wikipedia.org/wiki/2007_Australian_Grand_Prix"
37,2007,2,2,"Malaysian Grand Prix","2007-04-08","07:00:00","http://en.wikipedia.org/wiki/2007_Malaysian_Grand_Prix"
38,2007,3,3,"Bahrain Grand Prix","2007-04-15","11:30:00","http://en.wikipedia.org/wiki/2007_Bahrain_Grand_Prix"
39,2007,4,4,"Spanish Grand Prix","2007-05-13","12:00:00","http://en.wikipedia.org/wiki/2007_Spanish_Grand_Prix"
40,2007,5,6,"Monaco Grand Prix","2007-05-27","12:00:00","http://en.wikipedia.org/wiki/2007_Monaco_Grand_Prix"
41,2007,6,7,"Canadian Grand Prix","2007-06-10","17:00:00","http://en.wikipedia.org/wiki/2007_Canadian_Grand_Prix"
42,2007,7,19,"United States Grand Prix","2007-06-17","17:00:00","http://en.wikipedia.org/wiki/2007_United_States_Grand_Prix"
43,2007,8,8,"French Grand Prix","2007-07-01","12:00:00","http://en.wikipedia.org/wiki/2007_French_Grand_Prix"
44,2007,9,9,"British Grand Prix","2007-07-08","12:00:00","http://en.wikipedia.org/wiki/2007_British_Grand_Prix"
45,2007,10,20,"European Grand Prix","2007-07-22","12:00:00","http://en.wikipedia.org/wiki/2007_European_Grand_Prix"
46,2007,11,11,"Hungarian Grand Prix","2007-08-05","12:00:00","http://en.wikipedia.org/wiki/2007_Hungarian_Grand_Prix"
47,2007,12,5,"Turkish Grand Prix","2007-08-26","12:00:00","http://en.wikipedia.org/wiki/2007_Turkish_Grand_Prix"
48,2007,13,14,"Italian Grand Prix","2007-09-09","12:00:00","http://en.wikipedia.org/wiki/2007_Italian_Grand_Prix"
49,2007,14,13,"Belgian Grand Prix","2007-09-16","12:00:00","http://en.wikipedia.org/wiki/2007_Belgian_Grand_Prix"
50,2007,15,16,"Japanese Grand Prix","2007-09-30","04:30:00","http://en.wikipedia.org/wiki/2007_Japanese_Grand_Prix"
51,2007,16,17,"Chinese Grand Prix","2007-10-07","06:00:00","http://en.wikipedia.org/wiki/2007_Chinese_Grand_Prix"
52,2007,17,18,"Brazilian Grand Prix","2007-10-21","16:00:00","http://en.wikipedia.org/wiki/2007_Brazilian_Grand_Prix"
53,2006,1,3,"Bahrain Grand Prix","2006-03-12","14:30:00","http://en.wikipedia.org/wiki/2006_Bahrain_Grand_Prix"
54,2006,2,2,"Malaysian Grand Prix","2006-03-19","15:00:00","http://en.wikipedia.org/wiki/2006_Malaysian_Grand_Prix"
55,2006,3,1,"Australian Grand Prix","2006-04-02","14:00:00","http://en.wikipedia.org/wiki/2006_Australian_Grand_Prix"
56,2006,4,21,"San Marino Grand Prix","2006-04-23","14:00:00","http://en.wikipedia.org/wiki/2006_San_Marino_Grand_Prix"
57,2006,5,20,"European Grand Prix","2006-05-07","14:00:00","http://en.wikipedia.org/wiki/2006_European_Grand_Prix"
58,2006,6,4,"Spanish Grand Prix","2006-05-14","14:00:00","http://en.wikipedia.org/wiki/2006_Spanish_Grand_Prix"
59,2006,7,6,"Monaco Grand Prix","2006-05-28","14:00:00","http://en.wikipedia.org/wiki/2006_Monaco_Grand_Prix"
60,2006,8,9,"British Grand Prix","2006-06-11","12:00:00","http://en.wikipedia.org/wiki/2006_British_Grand_Prix"
61,2006,9,7,"Canadian Grand Prix","2006-06-25","13:00:00","http://en.wikipedia.org/wiki/2006_Canadian_Grand_Prix"
62,2006,10,19,"United States Grand Prix","2006-07-02","14:00:00","http://en.wikipedia.org/wiki/2006_United_States_Grand_Prix"
63,2006,11,8,"French Grand Prix","2006-07-16","14:00:00","http://en.wikipedia.org/wiki/2006_French_Grand_Prix"
64,2006,12,10,"German Grand Prix","2006-07-30","14:00:00","http://en.wikipedia.org/wiki/2006_German_Grand_Prix"
65,2006,13,11,"Hungarian Grand Prix","2006-08-06","14:00:00","http://en.wikipedia.org/wiki/2006_Hungarian_Grand_Prix"
66,2006,14,5,"Turkish Grand Prix","2006-08-27","15:00:00","http://en.wikipedia.org/wiki/2006_Turkish_Grand_Prix"
67,2006,15,14,"Italian Grand Prix","2006-09-10","14:00:00","http://en.wikipedia.org/wiki/2006_Italian_Grand_Prix"
68,2006,16,17,"Chinese Grand Prix","2006-10-01","14:00:00","http://en.wikipedia.org/wiki/2006_Chinese_Grand_Prix"
69,2006,17,22,"Japanese Grand Prix","2006-10-08","14:00:00","http://en.wikipedia.org/wiki/2006_Japanese_Grand_Prix"
70,2006,18,18,"Brazilian Grand Prix","2006-10-22","14:00:00","http://en.wikipedia.org/wiki/2006_Brazilian_Grand_Prix"
71,2005,1,1,"Australian Grand Prix","2005-03-06","14:00:00","http://en.wikipedia.org/wiki/2005_Australian_Grand_Prix"
72,2005,2,2,"Malaysian Grand Prix","2005-03-20","15:00:00","http://en.wikipedia.org/wiki/2005_Malaysian_Grand_Prix"
73,2005,3,3,"Bahrain Grand Prix","2005-04-03","14:30:00","http://en.wikipedia.org/wiki/2005_Bahrain_Grand_Prix"
74,2005,4,21,"San Marino Grand Prix","2005-04-24","14:00:00","http://en.wikipedia.org/wiki/2005_San_Marino_Grand_Prix"
75,2005,5,4,"Spanish Grand Prix","2005-05-08","14:00:00","http://en.wikipedia.org/wiki/2005_Spanish_Grand_Prix"
76,2005,6,6,"Monaco Grand Prix","2005-05-22","14:00:00","http://en.wikipedia.org/wiki/2005_Monaco_Grand_Prix"
77,2005,7,20,"European Grand Prix","2005-05-29","14:00:00","http://en.wikipedia.org/wiki/2005_European_Grand_Prix"
78,2005,8,7,"Canadian Grand Prix","2005-06-12","13:00:00","http://en.wikipedia.org/wiki/2005_Canadian_Grand_Prix"
79,2005,9,19,"United States Grand Prix","2005-06-19","14:00:00","http://en.wikipedia.org/wiki/2005_United_States_Grand_Prix"
80,2005,10,8,"French Grand Prix","2005-07-03","14:00:00","http://en.wikipedia.org/wiki/2005_French_Grand_Prix"
81,2005,11,9,"British Grand Prix","2005-07-10","14:00:00","http://en.wikipedia.org/wiki/2005_British_Grand_Prix"
82,2005,12,10,"German Grand Prix","2005-07-24","14:00:00","http://en.wikipedia.org/wiki/2005_German_Grand_Prix"
83,2005,13,11,"Hungarian Grand Prix","2005-07-31","14:00:00","http://en.wikipedia.org/wiki/2005_Hungarian_Grand_Prix"
84,2005,14,5,"Turkish Grand Prix","2005-08-21","15:00:00","http://en.wikipedia.org/wiki/2005_Turkish_Grand_Prix"
85,2005,15,14,"Italian Grand Prix","2005-09-04","14:00:00","http://en.wikipedia.org/wiki/2005_Italian_Grand_Prix"
86,2005,16,13,"Belgian Grand Prix","2005-09-11","14:00:00","http://en.wikipedia.org/wiki/2005_Belgian_Grand_Prix"
87,2005,17,18,"Brazilian Grand Prix","2005-09-25","14:00:00","http://en.wikipedia.org/wiki/2005_Brazilian_Grand_Prix"
88,2005,18,22,"Japanese Grand Prix","2005-10-09","14:00:00","http://en.wikipedia.org/wiki/2005_Japanese_Grand_Prix"
89,2005,19,17,"Chinese Grand Prix","2005-10-16","14:00:00","http://en.wikipedia.org/wiki/2005_Chinese_Grand_Prix"
90,2004,1,1,"Australian Grand Prix","2004-03-07",\N,"http://en.wikipedia.org/wiki/2004_Australian_Grand_Prix"
91,2004,2,2,"Malaysian Grand Prix","2004-03-21",\N,"http://en.wikipedia.org/wiki/2004_Malaysian_Grand_Prix"
92,2004,3,3,"Bahrain Grand Prix","2004-04-04",\N,"http://en.wikipedia.org/wiki/2004_Bahrain_Grand_Prix"
93,2004,4,21,"San Marino Grand Prix","2004-04-25",\N,"http://en.wikipedia.org/wiki/2004_San_Marino_Grand_Prix"
94,2004,5,4,"Spanish Grand Prix","2004-05-09",\N,"http://en.wikipedia.org/wiki/2004_Spanish_Grand_Prix"
95,2004,6,6,"Monaco Grand Prix","2004-05-23",\N,"http://en.wikipedia.org/wiki/2004_Monaco_Grand_Prix"
96,2004,7,20,"European Grand Prix","2004-05-30",\N,"http://en.wikipedia.org/wiki/2004_European_Grand_Prix"
97,2004,8,7,"Canadian Grand Prix","2004-06-13",\N,"http://en.wikipedia.org/wiki/2004_Canadian_Grand_Prix"
98,2004,9,19,"United States Grand Prix","2004-06-20",\N,"http://en.wikipedia.org/wiki/2004_United_States_Grand_Prix"
99,2004,10,8,"French Grand Prix","2004-07-04",\N,"http://en.wikipedia.org/wiki/2004_French_Grand_Prix"
100,2004,11,9,"British Grand Prix","2004-07-11",\N,"http://en.wikipedia.org/wiki/2004_British_Grand_Prix"
101,2004,12,10,"German Grand Prix","2004-07-25",\N,"http://en.wikipedia.org/wiki/2004_German_Grand_Prix"
102,2004,13,11,"Hungarian Grand Prix","2004-08-15",\N,"http://en.wikipedia.org/wiki/2004_Hungarian_Grand_Prix"
103,2004,14,13,"Belgian Grand Prix","2004-08-29",\N,"http://en.wikipedia.org/wiki/2004_Belgian_Grand_Prix"
104,2004,15,14,"Italian Grand Prix","2004-09-12",\N,"http://en.wikipedia.org/wiki/2004_Italian_Grand_Prix"
105,2004,16,17,"Chinese Grand Prix","2004-09-26",\N,"http://en.wikipedia.org/wiki/2004_Chinese_Grand_Prix"
106,2004,17,22,"Japanese Grand Prix","2004-10-10",\N,"http://en.wikipedia.org/wiki/2004_Japanese_Grand_Prix"
107,2004,18,18,"Brazilian Grand Prix","2004-10-24",\N,"http://en.wikipedia.org/wiki/2004_Brazilian_Grand_Prix"
108,2003,1,1,"Australian Grand Prix","2003-03-09",\N,"http://en.wikipedia.org/wiki/2003_Australian_Grand_Prix"
109,2003,2,2,"Malaysian Grand Prix","2003-03-23",\N,"http://en.wikipedia.org/wiki/2003_Malaysian_Grand_Prix"
110,2003,3,18,"Brazilian Grand Prix","2003-04-06",\N,"http://en.wikipedia.org/wiki/2003_Brazilian_Grand_Prix"
111,2003,4,21,"San Marino Grand Prix","2003-04-20",\N,"http://en.wikipedia.org/wiki/2003_San_Marino_Grand_Prix"
112,2003,5,4,"Spanish Grand Prix","2003-05-04",\N,"http://en.wikipedia.org/wiki/2003_Spanish_Grand_Prix"
113,2003,6,23,"Austrian Grand Prix","2003-05-18",\N,"http://en.wikipedia.org/wiki/2003_Austrian_Grand_Prix"
114,2003,7,6,"Monaco Grand Prix","2003-06-01",\N,"http://en.wikipedia.org/wiki/2003_Monaco_Grand_Prix"
115,2003,8,7,"Canadian Grand Prix","2003-06-15",\N,"http://en.wikipedia.org/wiki/2003_Canadian_Grand_Prix"
116,2003,9,20,"European Grand Prix","2003-06-29",\N,"http://en.wikipedia.org/wiki/2003_European_Grand_Prix"
117,2003,10,8,"French Grand Prix","2003-07-06",\N,"http://en.wikipedia.org/wiki/2003_French_Grand_Prix"
118,2003,11,9,"British Grand Prix","2003-07-20",\N,"http://en.wikipedia.org/wiki/2003_British_Grand_Prix"
119,2003,12,10,"German Grand Prix","2003-08-03",\N,"http://en.wikipedia.org/wiki/2003_German_Grand_Prix"
120,2003,13,11,"Hungarian Grand Prix","2003-08-24",\N,"http://en.wikipedia.org/wiki/2003_Hungarian_Grand_Prix"
121,2003,14,14,"Italian Grand Prix","2003-09-14",\N,"http://en.wikipedia.org/wiki/2003_Italian_Grand_Prix"
122,2003,15,19,"United States Grand Prix","2003-09-28",\N,"http://en.wikipedia.org/wiki/2003_United_States_Grand_Prix"
123,2003,16,22,"Japanese Grand Prix","2003-10-12",\N,"http://en.wikipedia.org/wiki/2003_Japanese_Grand_Prix"
124,2002,1,1,"Australian Grand Prix","2002-03-03",\N,"http://en.wikipedia.org/wiki/2002_Australian_Grand_Prix"
125,2002,2,2,"Malaysian Grand Prix","2002-03-17",\N,"http://en.wikipedia.org/wiki/2002_Malaysian_Grand_Prix"
126,2002,3,18,"Brazilian Grand Prix","2002-03-31",\N,"http://en.wikipedia.org/wiki/2002_Brazilian_Grand_Prix"
127,2002,4,21,"San Marino Grand Prix","2002-04-14",\N,"http://en.wikipedia.org/wiki/2002_San_Marino_Grand_Prix"
128,2002,5,4,"Spanish Grand Prix","2002-04-28",\N,"http://en.wikipedia.org/wiki/2002_Spanish_Grand_Prix"
129,2002,6,23,"Austrian Grand Prix","2002-05-12",\N,"http://en.wikipedia.org/wiki/2002_Austrian_Grand_Prix"
130,2002,7,6,"Monaco Grand Prix","2002-05-26",\N,"http://en.wikipedia.org/wiki/2002_Monaco_Grand_Prix"
131,2002,8,7,"Canadian Grand Prix","2002-06-09",\N,"http://en.wikipedia.org/wiki/2002_Canadian_Grand_Prix"
132,2002,9,20,"European Grand Prix","2002-06-23",\N,"http://en.wikipedia.org/wiki/2002_European_Grand_Prix"
133,2002,10,9,"British Grand Prix","2002-07-07",\N,"http://en.wikipedia.org/wiki/2002_British_Grand_Prix"
134,2002,11,8,"French Grand Prix","2002-07-21",\N,"http://en.wikipedia.org/wiki/2002_French_Grand_Prix"
135,2002,12,10,"German Grand Prix","2002-07-28",\N,"http://en.wikipedia.org/wiki/2002_German_Grand_Prix"
136,2002,13,11,"Hungarian Grand Prix","2002-08-18",\N,"http://en.wikipedia.org/wiki/2002_Hungarian_Grand_Prix"
137,2002,14,13,"Belgian Grand Prix","2002-09-01",\N,"http://en.wikipedia.org/wiki/2002_Belgian_Grand_Prix"
138,2002,15,14,"Italian Grand Prix","2002-09-15",\N,"http://en.wikipedia.org/wiki/2002_Italian_Grand_Prix"
139,2002,16,19,"United States Grand Prix","2002-09-29",\N,"http://en.wikipedia.org/wiki/2002_United_States_Grand_Prix"
140,2002,17,22,"Japanese Grand Prix","2002-10-13",\N,"http://en.wikipedia.org/wiki/2002_Japanese_Grand_Prix"
141,2001,1,1,"Australian Grand Prix","2001-03-04",\N,"http://en.wikipedia.org/wiki/2001_Australian_Grand_Prix"
142,2001,2,2,"Malaysian Grand Prix","2001-03-18",\N,"http://en.wikipedia.org/wiki/2001_Malaysian_Grand_Prix"
143,2001,3,18,"Brazilian Grand Prix","2001-04-01",\N,"http://en.wikipedia.org/wiki/2001_Brazilian_Grand_Prix"
144,2001,4,21,"San Marino Grand Prix","2001-04-15",\N,"http://en.wikipedia.org/wiki/2001_San_Marino_Grand_Prix"
145,2001,5,4,"Spanish Grand Prix","2001-04-29",\N,"http://en.wikipedia.org/wiki/2001_Spanish_Grand_Prix"
146,2001,6,23,"Austrian Grand Prix","2001-05-13",\N,"http://en.wikipedia.org/wiki/2001_Austrian_Grand_Prix"
147,2001,7,6,"Monaco Grand Prix","2001-05-27",\N,"http://en.wikipedia.org/wiki/2001_Monaco_Grand_Prix"
148,2001,8,7,"Canadian Grand Prix","2001-06-10",\N,"http://en.wikipedia.org/wiki/2001_Canadian_Grand_Prix"
149,2001,9,20,"European Grand Prix","2001-06-24",\N,"http://en.wikipedia.org/wiki/2001_European_Grand_Prix"
150,2001,10,8,"French Grand Prix","2001-07-01",\N,"http://en.wikipedia.org/wiki/2001_French_Grand_Prix"
151,2001,11,9,"British Grand Prix","2001-07-15",\N,"http://en.wikipedia.org/wiki/2001_British_Grand_Prix"
152,2001,12,10,"German Grand Prix","2001-07-29",\N,"http://en.wikipedia.org/wiki/2001_German_Grand_Prix"
153,2001,13,11,"Hungarian Grand Prix","2001-08-19",\N,"http://en.wikipedia.org/wiki/2001_Hungarian_Grand_Prix"
154,2001,14,13,"Belgian Grand Prix","2001-09-02",\N,"http://en.wikipedia.org/wiki/2001_Belgian_Grand_Prix"
155,2001,15,14,"Italian Grand Prix","2001-09-16",\N,"http://en.wikipedia.org/wiki/2001_Italian_Grand_Prix"
156,2001,16,19,"United States Grand Prix","2001-09-30",\N,"http://en.wikipedia.org/wiki/2001_United_States_Grand_Prix"
157,2001,17,22,"Japanese Grand Prix","2001-10-14",\N,"http://en.wikipedia.org/wiki/2001_Japanese_Grand_Prix"
158,2000,1,1,"Australian Grand Prix","2000-03-12",\N,"http://en.wikipedia.org/wiki/2000_Australian_Grand_Prix"
159,2000,2,18,"Brazilian Grand Prix","2000-03-26",\N,"http://en.wikipedia.org/wiki/2000_Brazilian_Grand_Prix"
160,2000,3,21,"San Marino Grand Prix","2000-04-09",\N,"http://en.wikipedia.org/wiki/2000_San_Marino_Grand_Prix"
161,2000,4,9,"British Grand Prix","2000-04-23",\N,"http://en.wikipedia.org/wiki/2000_British_Grand_Prix"
162,2000,5,4,"Spanish Grand Prix","2000-05-07",\N,"http://en.wikipedia.org/wiki/2000_Spanish_Grand_Prix"
163,2000,6,20,"European Grand Prix","2000-05-21",\N,"http://en.wikipedia.org/wiki/2000_European_Grand_Prix"
164,2000,7,6,"Monaco Grand Prix","2000-06-04",\N,"http://en.wikipedia.org/wiki/2000_Monaco_Grand_Prix"
165,2000,8,7,"Canadian Grand Prix","2000-06-18",\N,"http://en.wikipedia.org/wiki/2000_Canadian_Grand_Prix"
166,2000,9,8,"French Grand Prix","2000-07-02",\N,"http://en.wikipedia.org/wiki/2000_French_Grand_Prix"
167,2000,10,23,"Austrian Grand Prix","2000-07-16",\N,"http://en.wikipedia.org/wiki/2000_Austrian_Grand_Prix"
168,2000,11,10,"German Grand Prix","2000-07-30",\N,"http://en.wikipedia.org/wiki/2000_German_Grand_Prix"
169,2000,12,11,"Hungarian Grand Prix","2000-08-13",\N,"http://en.wikipedia.org/wiki/2000_Hungarian_Grand_Prix"
170,2000,13,13,"Belgian Grand Prix","2000-08-27",\N,"http://en.wikipedia.org/wiki/2000_Belgian_Grand_Prix"
171,2000,14,14,"Italian Grand Prix","2000-09-10",\N,"http://en.wikipedia.org/wiki/2000_Italian_Grand_Prix"
172,2000,15,19,"United States Grand Prix","2000-09-24",\N,"http://en.wikipedia.org/wiki/2000_United_States_Grand_Prix"
173,2000,16,22,"Japanese Grand Prix","2000-10-08",\N,"http://en.wikipedia.org/wiki/2000_Japanese_Grand_Prix"
174,2000,17,2,"Malaysian Grand Prix","2000-10-22",\N,"http://en.wikipedia.org/wiki/2000_Malaysian_Grand_Prix"
175,1999,1,1,"Australian Grand Prix","1999-03-07",\N,"http://en.wikipedia.org/wiki/1999_Australian_Grand_Prix"
176,1999,2,18,"Brazilian Grand Prix","1999-04-11",\N,"http://en.wikipedia.org/wiki/1999_Brazilian_Grand_Prix"
177,1999,3,21,"San Marino Grand Prix","1999-05-02",\N,"http://en.wikipedia.org/wiki/1999_San_Marino_Grand_Prix"
178,1999,4,6,"Monaco Grand Prix","1999-05-16",\N,"http://en.wikipedia.org/wiki/1999_Monaco_Grand_Prix"
179,1999,5,4,"Spanish Grand Prix","1999-05-30",\N,"http://en.wikipedia.org/wiki/1999_Spanish_Grand_Prix"
180,1999,6,7,"Canadian Grand Prix","1999-06-13",\N,"http://en.wikipedia.org/wiki/1999_Canadian_Grand_Prix"
181,1999,7,8,"French Grand Prix","1999-06-27",\N,"http://en.wikipedia.org/wiki/1999_French_Grand_Prix"
182,1999,8,9,"British Grand Prix","1999-07-11",\N,"http://en.wikipedia.org/wiki/1999_British_Grand_Prix"
183,1999,9,23,"Austrian Grand Prix","1999-07-25",\N,"http://en.wikipedia.org/wiki/1999_Austrian_Grand_Prix"
184,1999,10,10,"German Grand Prix","1999-08-01",\N,"http://en.wikipedia.org/wiki/1999_German_Grand_Prix"
185,1999,11,11,"Hungarian Grand Prix","1999-08-15",\N,"http://en.wikipedia.org/wiki/1999_Hungarian_Grand_Prix"
186,1999,12,13,"Belgian Grand Prix","1999-08-29",\N,"http://en.wikipedia.org/wiki/1999_Belgian_Grand_Prix"
187,1999,13,14,"Italian Grand Prix","1999-09-12",\N,"http://en.wikipedia.org/wiki/1999_Italian_Grand_Prix"
188,1999,14,20,"European Grand Prix","1999-09-26",\N,"http://en.wikipedia.org/wiki/1999_European_Grand_Prix"
189,1999,15,2,"Malaysian Grand Prix","1999-10-17",\N,"http://en.wikipedia.org/wiki/1999_Malaysian_Grand_Prix"
190,1999,16,22,"Japanese Grand Prix","1999-10-31",\N,"http://en.wikipedia.org/wiki/1999_Japanese_Grand_Prix"
191,1998,1,1,"Australian Grand Prix","1998-03-08",\N,"http://en.wikipedia.org/wiki/1998_Australian_Grand_Prix"
192,1998,2,18,"Brazilian Grand Prix","1998-03-29",\N,"http://en.wikipedia.org/wiki/1998_Brazilian_Grand_Prix"
193,1998,3,25,"Argentine Grand Prix","1998-04-12",\N,"http://en.wikipedia.org/wiki/1998_Argentine_Grand_Prix"
194,1998,4,21,"San Marino Grand Prix","1998-04-26",\N,"http://en.wikipedia.org/wiki/1998_San_Marino_Grand_Prix"
195,1998,5,4,"Spanish Grand Prix","1998-05-10",\N,"http://en.wikipedia.org/wiki/1998_Spanish_Grand_Prix"
196,1998,6,6,"Monaco Grand Prix","1998-05-24",\N,"http://en.wikipedia.org/wiki/1998_Monaco_Grand_Prix"
197,1998,7,7,"Canadian Grand Prix","1998-06-07",\N,"http://en.wikipedia.org/wiki/1998_Canadian_Grand_Prix"
198,1998,8,8,"French Grand Prix","1998-06-28",\N,"http://en.wikipedia.org/wiki/1998_French_Grand_Prix"
199,1998,9,9,"British Grand Prix","1998-07-12",\N,"http://en.wikipedia.org/wiki/1998_British_Grand_Prix"
200,1998,10,23,"Austrian Grand Prix","1998-07-26",\N,"http://en.wikipedia.org/wiki/1998_Austrian_Grand_Prix"
201,1998,11,10,"German Grand Prix","1998-08-02",\N,"http://en.wikipedia.org/wiki/1998_German_Grand_Prix"
202,1998,12,11,"Hungarian Grand Prix","1998-08-16",\N,"http://en.wikipedia.org/wiki/1998_Hungarian_Grand_Prix"
203,1998,13,13,"Belgian Grand Prix","1998-08-30",\N,"http://en.wikipedia.org/wiki/1998_Belgian_Grand_Prix"
204,1998,14,14,"Italian Grand Prix","1998-09-13",\N,"http://en.wikipedia.org/wiki/1998_Italian_Grand_Prix"
205,1998,15,20,"Luxembourg Grand Prix","1998-09-27",\N,"http://en.wikipedia.org/wiki/1998_Luxembourg_Grand_Prix"
206,1998,16,22,"Japanese Grand Prix","1998-11-01",\N,"http://en.wikipedia.org/wiki/1998_Japanese_Grand_Prix"
207,1997,1,1,"Australian Grand Prix","1997-03-09",\N,"http://en.wikipedia.org/wiki/1997_Australian_Grand_Prix"
208,1997,2,18,"Brazilian Grand Prix","1997-03-30",\N,"http://en.wikipedia.org/wiki/1997_Brazilian_Grand_Prix"
209,1997,3,25,"Argentine Grand Prix","1997-04-13",\N,"http://en.wikipedia.org/wiki/1997_Argentine_Grand_Prix"
210,1997,4,21,"San Marino Grand Prix","1997-04-27",\N,"http://en.wikipedia.org/wiki/1997_San_Marino_Grand_Prix"
211,1997,5,6,"Monaco Grand Prix","1997-05-11",\N,"http://en.wikipedia.org/wiki/1997_Monaco_Grand_Prix"
212,1997,6,4,"Spanish Grand Prix","1997-05-25",\N,"http://en.wikipedia.org/wiki/1997_Spanish_Grand_Prix"
213,1997,7,7,"Canadian Grand Prix","1997-06-15",\N,"http://en.wikipedia.org/wiki/1997_Canadian_Grand_Prix"
214,1997,8,8,"French Grand Prix","1997-06-29",\N,"http://en.wikipedia.org/wiki/1997_French_Grand_Prix"
215,1997,9,9,"British Grand Prix","1997-07-13",\N,"http://en.wikipedia.org/wiki/1997_British_Grand_Prix"
216,1997,10,10,"German Grand Prix","1997-07-27",\N,"http://en.wikipedia.org/wiki/1997_German_Grand_Prix"
217,1997,11,11,"Hungarian Grand Prix","1997-08-10",\N,"http://en.wikipedia.org/wiki/1997_Hungarian_Grand_Prix"
218,1997,12,13,"Belgian Grand Prix","1997-08-24",\N,"http://en.wikipedia.org/wiki/1997_Belgian_Grand_Prix"
219,1997,13,14,"Italian Grand Prix","1997-09-07",\N,"http://en.wikipedia.org/wiki/1997_Italian_Grand_Prix"
220,1997,14,23,"Austrian Grand Prix","1997-09-21",\N,"http://en.wikipedia.org/wiki/1997_Austrian_Grand_Prix"
221,1997,15,20,"Luxembourg Grand Prix","1997-09-28",\N,"http://en.wikipedia.org/wiki/1997_Luxembourg_Grand_Prix"
222,1997,16,22,"Japanese Grand Prix","1997-10-12",\N,"http://en.wikipedia.org/wiki/1997_Japanese_Grand_Prix"
223,1997,17,26,"European Grand Prix","1997-10-26",\N,"http://en.wikipedia.org/wiki/1997_European_Grand_Prix"
224,1996,1,1,"Australian Grand Prix","1996-03-10",\N,"http://en.wikipedia.org/wiki/1996_Australian_Grand_Prix"
225,1996,2,18,"Brazilian Grand Prix","1996-03-31",\N,"http://en.wikipedia.org/wiki/1996_Brazilian_Grand_Prix"
226,1996,3,25,"Argentine Grand Prix","1996-04-07",\N,"http://en.wikipedia.org/wiki/1996_Argentine_Grand_Prix"
227,1996,4,20,"European Grand Prix","1996-04-28",\N,"http://en.wikipedia.org/wiki/1996_European_Grand_Prix"
228,1996,5,21,"San Marino Grand Prix","1996-05-05",\N,"http://en.wikipedia.org/wiki/1996_San_Marino_Grand_Prix"
229,1996,6,6,"Monaco Grand Prix","1996-05-19",\N,"http://en.wikipedia.org/wiki/1996_Monaco_Grand_Prix"
230,1996,7,4,"Spanish Grand Prix","1996-06-02",\N,"http://en.wikipedia.org/wiki/1996_Spanish_Grand_Prix"
231,1996,8,7,"Canadian Grand Prix","1996-06-16",\N,"http://en.wikipedia.org/wiki/1996_Canadian_Grand_Prix"
232,1996,9,8,"French Grand Prix","1996-06-30",\N,"http://en.wikipedia.org/wiki/1996_French_Grand_Prix"
233,1996,10,9,"British Grand Prix","1996-07-14",\N,"http://en.wikipedia.org/wiki/1996_British_Grand_Prix"
234,1996,11,10,"German Grand Prix","1996-07-28",\N,"http://en.wikipedia.org/wiki/1996_German_Grand_Prix"
235,1996,12,11,"Hungarian Grand Prix","1996-08-11",\N,"http://en.wikipedia.org/wiki/1996_Hungarian_Grand_Prix"
236,1996,13,13,"Belgian Grand Prix","1996-08-25",\N,"http://en.wikipedia.org/wiki/1996_Belgian_Grand_Prix"
237,1996,14,14,"Italian Grand Prix","1996-09-08",\N,"http://en.wikipedia.org/wiki/1996_Italian_Grand_Prix"
238,1996,15,27,"Portuguese Grand Prix","1996-09-22",\N,"http://en.wikipedia.org/wiki/1996_Portuguese_Grand_Prix"
239,1996,16,22,"Japanese Grand Prix","1996-10-13",\N,"http://en.wikipedia.org/wiki/1996_Japanese_Grand_Prix"
240,1995,1,18,"Brazilian Grand Prix","1995-03-26",\N,"http://en.wikipedia.org/wiki/1995_Brazilian_Grand_Prix"
241,1995,2,25,"Argentine Grand Prix","1995-04-09",\N,"http://en.wikipedia.org/wiki/1995_Argentine_Grand_Prix"
242,1995,3,21,"San Marino Grand Prix","1995-04-30",\N,"http://en.wikipedia.org/wiki/1995_San_Marino_Grand_Prix"
243,1995,4,4,"Spanish Grand Prix","1995-05-14",\N,"http://en.wikipedia.org/wiki/1995_Spanish_Grand_Prix"
244,1995,5,6,"Monaco Grand Prix","1995-05-28",\N,"http://en.wikipedia.org/wiki/1995_Monaco_Grand_Prix"
245,1995,6,7,"Canadian Grand Prix","1995-06-11",\N,"http://en.wikipedia.org/wiki/1995_Canadian_Grand_Prix"
246,1995,7,8,"French Grand Prix","1995-07-02",\N,"http://en.wikipedia.org/wiki/1995_French_Grand_Prix"
247,1995,8,9,"British Grand Prix","1995-07-16",\N,"http://en.wikipedia.org/wiki/1995_British_Grand_Prix"
248,1995,9,10,"German Grand Prix","1995-07-30",\N,"http://en.wikipedia.org/wiki/1995_German_Grand_Prix"
249,1995,10,11,"Hungarian Grand Prix","1995-08-13",\N,"http://en.wikipedia.org/wiki/1995_Hungarian_Grand_Prix"
250,1995,11,13,"Belgian Grand Prix","1995-08-27",\N,"http://en.wikipedia.org/wiki/1995_Belgian_Grand_Prix"
251,1995,12,14,"Italian Grand Prix","1995-09-10",\N,"http://en.wikipedia.org/wiki/1995_Italian_Grand_Prix"
252,1995,13,27,"Portuguese Grand Prix","1995-09-24",\N,"http://en.wikipedia.org/wiki/1995_Portuguese_Grand_Prix"
253,1995,14,20,"European Grand Prix","1995-10-01",\N,"http://en.wikipedia.org/wiki/1995_European_Grand_Prix"
254,1995,15,28,"Pacific Grand Prix","1995-10-22",\N,"http://en.wikipedia.org/wiki/1995_Pacific_Grand_Prix"
255,1995,16,22,"Japanese Grand Prix","1995-10-29",\N,"http://en.wikipedia.org/wiki/1995_Japanese_Grand_Prix"
256,1995,17,29,"Australian Grand Prix","1995-11-12",\N,"http://en.wikipedia.org/wiki/1995_Australian_Grand_Prix"
257,1994,1,18,"Brazilian Grand Prix","1994-03-27",\N,"http://en.wikipedia.org/wiki/1994_Brazilian_Grand_Prix"
258,1994,2,28,"Pacific Grand Prix","1994-04-17",\N,"http://en.wikipedia.org/wiki/1994_Pacific_Grand_Prix"
259,1994,3,21,"San Marino Grand Prix","1994-05-01",\N,"http://en.wikipedia.org/wiki/1994_San_Marino_Grand_Prix"
260,1994,4,6,"Monaco Grand Prix","1994-05-15",\N,"http://en.wikipedia.org/wiki/1994_Monaco_Grand_Prix"
261,1994,5,4,"Spanish Grand Prix","1994-05-29",\N,"http://en.wikipedia.org/wiki/1994_Spanish_Grand_Prix"
262,1994,6,7,"Canadian Grand Prix","1994-06-12",\N,"http://en.wikipedia.org/wiki/1994_Canadian_Grand_Prix"
263,1994,7,8,"French Grand Prix","1994-07-03",\N,"http://en.wikipedia.org/wiki/1994_French_Grand_Prix"
264,1994,8,9,"British Grand Prix","1994-07-10",\N,"http://en.wikipedia.org/wiki/1994_British_Grand_Prix"
265,1994,9,10,"German Grand Prix","1994-07-31",\N,"http://en.wikipedia.org/wiki/1994_German_Grand_Prix"
266,1994,10,11,"Hungarian Grand Prix","1994-08-14",\N,"http://en.wikipedia.org/wiki/1994_Hungarian_Grand_Prix"
267,1994,11,13,"Belgian Grand Prix","1994-08-28",\N,"http://en.wikipedia.org/wiki/1994_Belgian_Grand_Prix"
268,1994,12,14,"Italian Grand Prix","1994-09-11",\N,"http://en.wikipedia.org/wiki/1994_Italian_Grand_Prix"
269,1994,13,27,"Portuguese Grand Prix","1994-09-25",\N,"http://en.wikipedia.org/wiki/1994_Portuguese_Grand_Prix"
270,1994,14,26,"European Grand Prix","1994-10-16",\N,"http://en.wikipedia.org/wiki/1994_European_Grand_Prix"
271,1994,15,22,"Japanese Grand Prix","1994-11-06",\N,"http://en.wikipedia.org/wiki/1994_Japanese_Grand_Prix"
272,1994,16,29,"Australian Grand Prix","1994-11-13",\N,"http://en.wikipedia.org/wiki/1994_Australian_Grand_Prix"
273,1993,1,30,"South African Grand Prix","1993-03-14",\N,"http://en.wikipedia.org/wiki/1993_South_African_Grand_Prix"
274,1993,2,18,"Brazilian Grand Prix","1993-03-28",\N,"http://en.wikipedia.org/wiki/1993_Brazilian_Grand_Prix"
275,1993,3,31,"European Grand Prix","1993-04-11",\N,"http://en.wikipedia.org/wiki/1993_European_Grand_Prix"
276,1993,4,21,"San Marino Grand Prix","1993-04-25",\N,"http://en.wikipedia.org/wiki/1993_San_Marino_Grand_Prix"
277,1993,5,4,"Spanish Grand Prix","1993-05-09",\N,"http://en.wikipedia.org/wiki/1993_Spanish_Grand_Prix"
278,1993,6,6,"Monaco Grand Prix","1993-05-23",\N,"http://en.wikipedia.org/wiki/1993_Monaco_Grand_Prix"
279,1993,7,7,"Canadian Grand Prix","1993-06-13",\N,"http://en.wikipedia.org/wiki/1993_Canadian_Grand_Prix"
280,1993,8,8,"French Grand Prix","1993-07-04",\N,"http://en.wikipedia.org/wiki/1993_French_Grand_Prix"
281,1993,9,9,"British Grand Prix","1993-07-11",\N,"http://en.wikipedia.org/wiki/1993_British_Grand_Prix"
282,1993,10,10,"German Grand Prix","1993-07-25",\N,"http://en.wikipedia.org/wiki/1993_German_Grand_Prix"
283,1993,11,11,"Hungarian Grand Prix","1993-08-15",\N,"http://en.wikipedia.org/wiki/1993_Hungarian_Grand_Prix"
284,1993,12,13,"Belgian Grand Prix","1993-08-29",\N,"http://en.wikipedia.org/wiki/1993_Belgian_Grand_Prix"
285,1993,13,14,"Italian Grand Prix","1993-09-12",\N,"http://en.wikipedia.org/wiki/1993_Italian_Grand_Prix"
286,1993,14,27,"Portuguese Grand Prix","1993-09-26",\N,"http://en.wikipedia.org/wiki/1993_Portuguese_Grand_Prix"
287,1993,15,22,"Japanese Grand Prix","1993-10-24",\N,"http://en.wikipedia.org/wiki/1993_Japanese_Grand_Prix"
288,1993,16,29,"Australian Grand Prix","1993-11-07",\N,"http://en.wikipedia.org/wiki/1993_Australian_Grand_Prix"
289,1992,1,30,"South African Grand Prix","1992-03-01",\N,"http://en.wikipedia.org/wiki/1992_South_African_Grand_Prix"
290,1992,2,32,"Mexican Grand Prix","1992-03-22",\N,"http://en.wikipedia.org/wiki/1992_Mexican_Grand_Prix"
291,1992,3,18,"Brazilian Grand Prix","1992-04-05",\N,"http://en.wikipedia.org/wiki/1992_Brazilian_Grand_Prix"
292,1992,4,4,"Spanish Grand Prix","1992-05-03",\N,"http://en.wikipedia.org/wiki/1992_Spanish_Grand_Prix"
293,1992,5,21,"San Marino Grand Prix","1992-05-17",\N,"http://en.wikipedia.org/wiki/1992_San_Marino_Grand_Prix"
294,1992,6,6,"Monaco Grand Prix","1992-05-31",\N,"http://en.wikipedia.org/wiki/1992_Monaco_Grand_Prix"
295,1992,7,7,"Canadian Grand Prix","1992-06-14",\N,"http://en.wikipedia.org/wiki/1992_Canadian_Grand_Prix"
296,1992,8,8,"French Grand Prix","1992-07-05",\N,"http://en.wikipedia.org/wiki/1992_French_Grand_Prix"
297,1992,9,9,"British Grand Prix","1992-07-12",\N,"http://en.wikipedia.org/wiki/1992_British_Grand_Prix"
298,1992,10,10,"German Grand Prix","1992-07-26",\N,"http://en.wikipedia.org/wiki/1992_German_Grand_Prix"
299,1992,11,11,"Hungarian Grand Prix","1992-08-16",\N,"http://en.wikipedia.org/wiki/1992_Hungarian_Grand_Prix"
300,1992,12,13,"Belgian Grand Prix","1992-08-30",\N,"http://en.wikipedia.org/wiki/1992_Belgian_Grand_Prix"
301,1992,13,14,"Italian Grand Prix","1992-09-13",\N,"http://en.wikipedia.org/wiki/1992_Italian_Grand_Prix"
302,1992,14,27,"Portuguese Grand Prix","1992-09-27",\N,"http://en.wikipedia.org/wiki/1992_Portuguese_Grand_Prix"
303,1992,15,22,"Japanese Grand Prix","1992-10-25",\N,"http://en.wikipedia.org/wiki/1992_Japanese_Grand_Prix"
304,1992,16,29,"Australian Grand Prix","1992-11-08",\N,"http://en.wikipedia.org/wiki/1992_Australian_Grand_Prix"
305,1991,1,33,"United States Grand Prix","1991-03-10",\N,"http://en.wikipedia.org/wiki/1991_United_States_Grand_Prix"
306,1991,2,18,"Brazilian Grand Prix","1991-03-24",\N,"http://en.wikipedia.org/wiki/1991_Brazilian_Grand_Prix"
307,1991,3,21,"San Marino Grand Prix","1991-04-28",\N,"http://en.wikipedia.org/wiki/1991_San_Marino_Grand_Prix"
308,1991,4,6,"Monaco Grand Prix","1991-05-12",\N,"http://en.wikipedia.org/wiki/1991_Monaco_Grand_Prix"
309,1991,5,7,"Canadian Grand Prix","1991-06-02",\N,"http://en.wikipedia.org/wiki/1991_Canadian_Grand_Prix"
310,1991,6,32,"Mexican Grand Prix","1991-06-16",\N,"http://en.wikipedia.org/wiki/1991_Mexican_Grand_Prix"
311,1991,7,8,"French Grand Prix","1991-07-07",\N,"http://en.wikipedia.org/wiki/1991_French_Grand_Prix"
312,1991,8,9,"British Grand Prix","1991-07-14",\N,"http://en.wikipedia.org/wiki/1991_British_Grand_Prix"
313,1991,9,10,"German Grand Prix","1991-07-28",\N,"http://en.wikipedia.org/wiki/1991_German_Grand_Prix"
314,1991,10,11,"Hungarian Grand Prix","1991-08-11",\N,"http://en.wikipedia.org/wiki/1991_Hungarian_Grand_Prix"
315,1991,11,13,"Belgian Grand Prix","1991-08-25",\N,"http://en.wikipedia.org/wiki/1991_Belgian_Grand_Prix"
316,1991,12,14,"Italian Grand Prix","1991-09-08",\N,"http://en.wikipedia.org/wiki/1991_Italian_Grand_Prix"
317,1991,13,27,"Portuguese Grand Prix","1991-09-22",\N,"http://en.wikipedia.org/wiki/1991_Portuguese_Grand_Prix"
318,1991,14,4,"Spanish Grand Prix","1991-09-29",\N,"http://en.wikipedia.org/wiki/1991_Spanish_Grand_Prix"
319,1991,15,22,"Japanese Grand Prix","1991-10-20",\N,"http://en.wikipedia.org/wiki/1991_Japanese_Grand_Prix"
320,1991,16,29,"Australian Grand Prix","1991-11-03",\N,"http://en.wikipedia.org/wiki/1991_Australian_Grand_Prix"
321,1990,1,33,"United States Grand Prix","1990-03-11",\N,"http://en.wikipedia.org/wiki/1990_United_States_Grand_Prix"
322,1990,2,18,"Brazilian Grand Prix","1990-03-25",\N,"http://en.wikipedia.org/wiki/1990_Brazilian_Grand_Prix"
323,1990,3,21,"San Marino Grand Prix","1990-05-13",\N,"http://en.wikipedia.org/wiki/1990_San_Marino_Grand_Prix"
324,1990,4,6,"Monaco Grand Prix","1990-05-27",\N,"http://en.wikipedia.org/wiki/1990_Monaco_Grand_Prix"
325,1990,5,7,"Canadian Grand Prix","1990-06-10",\N,"http://en.wikipedia.org/wiki/1990_Canadian_Grand_Prix"
326,1990,6,32,"Mexican Grand Prix","1990-06-24",\N,"http://en.wikipedia.org/wiki/1990_Mexican_Grand_Prix"
327,1990,7,34,"French Grand Prix","1990-07-08",\N,"http://en.wikipedia.org/wiki/1990_French_Grand_Prix"
328,1990,8,9,"British Grand Prix","1990-07-15",\N,"http://en.wikipedia.org/wiki/1990_British_Grand_Prix"
329,1990,9,10,"German Grand Prix","1990-07-29",\N,"http://en.wikipedia.org/wiki/1990_German_Grand_Prix"
330,1990,10,11,"Hungarian Grand Prix","1990-08-12",\N,"http://en.wikipedia.org/wiki/1990_Hungarian_Grand_Prix"
331,1990,11,13,"Belgian Grand Prix","1990-08-26",\N,"http://en.wikipedia.org/wiki/1990_Belgian_Grand_Prix"
332,1990,12,14,"Italian Grand Prix","1990-09-09",\N,"http://en.wikipedia.org/wiki/1990_Italian_Grand_Prix"
333,1990,13,27,"Portuguese Grand Prix","1990-09-23",\N,"http://en.wikipedia.org/wiki/1990_Portuguese_Grand_Prix"
334,1990,14,26,"Spanish Grand Prix","1990-09-30",\N,"http://en.wikipedia.org/wiki/1990_Spanish_Grand_Prix"
335,1990,15,22,"Japanese Grand Prix","1990-10-21",\N,"http://en.wikipedia.org/wiki/1990_Japanese_Grand_Prix"
336,1990,16,29,"Australian Grand Prix","1990-11-04",\N,"http://en.wikipedia.org/wiki/1990_Australian_Grand_Prix"
337,2010,1,3,"Bahrain Grand Prix","2010-03-14","12:00:00","http://en.wikipedia.org/wiki/2010_Bahrain_Grand_Prix"
338,2010,2,1,"Australian Grand Prix","2010-03-28","06:00:00","http://en.wikipedia.org/wiki/2010_Australian_Grand_Prix"
339,2010,3,2,"Malaysian Grand Prix","2010-04-04","08:00:00","http://en.wikipedia.org/wiki/2010_Malaysian_Grand_Prix"
340,2010,4,17,"Chinese Grand Prix","2010-04-18","06:00:00","http://en.wikipedia.org/wiki/2010_Chinese_Grand_Prix"
341,2010,5,4,"Spanish Grand Prix","2010-05-09","12:00:00","http://en.wikipedia.org/wiki/2010_Spanish_Grand_Prix"
342,2010,6,6,"Monaco Grand Prix","2010-05-16","12:00:00","http://en.wikipedia.org/wiki/2010_Monaco_Grand_Prix"
343,2010,7,5,"Turkish Grand Prix","2010-05-30","11:00:00","http://en.wikipedia.org/wiki/2010_Turkish_Grand_Prix"
344,2010,8,7,"Canadian Grand Prix","2010-06-13","16:00:00","http://en.wikipedia.org/wiki/2010_Canadian_Grand_Prix"
345,2010,9,12,"European Grand Prix","2010-06-27","12:00:00","http://en.wikipedia.org/wiki/2010_European_Grand_Prix"
346,2010,10,9,"British Grand Prix","2010-07-11","12:00:00","http://en.wikipedia.org/wiki/2010_British_Grand_Prix"
347,2010,11,10,"German Grand Prix","2010-07-25","12:00:00","http://en.wikipedia.org/wiki/2010_German_Grand_Prix"
348,2010,12,11,"Hungarian Grand Prix","2010-08-01","12:00:00","http://en.wikipedia.org/wiki/2010_Hungarian_Grand_Prix"
349,2010,13,13,"Belgian Grand Prix","2010-08-29","12:00:00","http://en.wikipedia.org/wiki/2010_Belgian_Grand_Prix"
350,2010,14,14,"Italian Grand Prix","2010-09-12","12:00:00","http://en.wikipedia.org/wiki/2010_Italian_Grand_Prix"
351,2010,15,15,"Singapore Grand Prix","2010-09-26","12:00:00","http://en.wikipedia.org/wiki/2010_Singapore_Grand_Prix"
352,2010,16,22,"Japanese Grand Prix","2010-10-10","06:00:00","http://en.wikipedia.org/wiki/2010_Japanese_Grand_Prix"
353,2010,17,35,"Korean Grand Prix","2010-10-24","05:00:00","http://en.wikipedia.org/wiki/2010_Korean_Grand_Prix"
354,2010,18,18,"Brazilian Grand Prix","2010-11-07","16:00:00","http://en.wikipedia.org/wiki/2010_Brazilian_Grand_Prix"
355,2010,19,24,"Abu Dhabi Grand Prix","2010-11-14","13:00:00","http://en.wikipedia.org/wiki/2010_Abu_Dhabi_Grand_Prix"
356,1989,1,36,"Brazilian Grand Prix","1989-03-26",\N,"http://en.wikipedia.org/wiki/1989_Brazilian_Grand_Prix"
357,1989,2,21,"San Marino Grand Prix","1989-04-23",\N,"http://en.wikipedia.org/wiki/1989_San_Marino_Grand_Prix"
358,1989,3,6,"Monaco Grand Prix","1989-05-07",\N,"http://en.wikipedia.org/wiki/1989_Monaco_Grand_Prix"
359,1989,4,32,"Mexican Grand Prix","1989-05-28",\N,"http://en.wikipedia.org/wiki/1989_Mexican_Grand_Prix"
360,1989,5,33,"United States Grand Prix","1989-06-04",\N,"http://en.wikipedia.org/wiki/1989_United_States_Grand_Prix"
361,1989,6,7,"Canadian Grand Prix","1989-06-18",\N,"http://en.wikipedia.org/wiki/1989_Canadian_Grand_Prix"
362,1989,7,34,"French Grand Prix","1989-07-09",\N,"http://en.wikipedia.org/wiki/1989_French_Grand_Prix"
363,1989,8,9,"British Grand Prix","1989-07-16",\N,"http://en.wikipedia.org/wiki/1989_British_Grand_Prix"
364,1989,9,10,"German Grand Prix","1989-07-30",\N,"http://en.wikipedia.org/wiki/1989_German_Grand_Prix"
365,1989,10,11,"Hungarian Grand Prix","1989-08-13",\N,"http://en.wikipedia.org/wiki/1989_Hungarian_Grand_Prix"
366,1989,11,13,"Belgian Grand Prix","1989-08-27",\N,"http://en.wikipedia.org/wiki/1989_Belgian_Grand_Prix"
367,1989,12,14,"Italian Grand Prix","1989-09-10",\N,"http://en.wikipedia.org/wiki/1989_Italian_Grand_Prix"
368,1989,13,27,"Portuguese Grand Prix","1989-09-24",\N,"http://en.wikipedia.org/wiki/1989_Portuguese_Grand_Prix"
369,1989,14,26,"Spanish Grand Prix","1989-10-01",\N,"http://en.wikipedia.org/wiki/1989_Spanish_Grand_Prix"
370,1989,15,22,"Japanese Grand Prix","1989-10-22",\N,"http://en.wikipedia.org/wiki/1989_Japanese_Grand_Prix"
371,1989,16,29,"Australian Grand Prix","1989-11-05",\N,"http://en.wikipedia.org/wiki/1989_Australian_Grand_Prix"
372,1988,1,36,"Brazilian Grand Prix","1988-04-03",\N,"http://en.wikipedia.org/wiki/1988_Brazilian_Grand_Prix"
373,1988,2,21,"San Marino Grand Prix","1988-05-01",\N,"http://en.wikipedia.org/wiki/1988_San_Marino_Grand_Prix"
374,1988,3,6,"Monaco Grand Prix","1988-05-15",\N,"http://en.wikipedia.org/wiki/1988_Monaco_Grand_Prix"
375,1988,4,32,"Mexican Grand Prix","1988-05-29",\N,"http://en.wikipedia.org/wiki/1988_Mexican_Grand_Prix"
376,1988,5,7,"Canadian Grand Prix","1988-06-12",\N,"http://en.wikipedia.org/wiki/1988_Canadian_Grand_Prix"
377,1988,6,37,"Detroit Grand Prix","1988-06-19",\N,"http://en.wikipedia.org/wiki/1988_Detroit_Grand_Prix"
378,1988,7,34,"French Grand Prix","1988-07-03",\N,"http://en.wikipedia.org/wiki/1988_French_Grand_Prix"
379,1988,8,9,"British Grand Prix","1988-07-10",\N,"http://en.wikipedia.org/wiki/1988_British_Grand_Prix"
380,1988,9,10,"German Grand Prix","1988-07-24",\N,"http://en.wikipedia.org/wiki/1988_German_Grand_Prix"
381,1988,10,11,"Hungarian Grand Prix","1988-08-07",\N,"http://en.wikipedia.org/wiki/1988_Hungarian_Grand_Prix"
382,1988,11,13,"Belgian Grand Prix","1988-08-28",\N,"http://en.wikipedia.org/wiki/1988_Belgian_Grand_Prix"
383,1988,12,14,"Italian Grand Prix","1988-09-11",\N,"http://en.wikipedia.org/wiki/1988_Italian_Grand_Prix"
384,1988,13,27,"Portuguese Grand Prix","1988-09-25",\N,"http://en.wikipedia.org/wiki/1988_Portuguese_Grand_Prix"
385,1988,14,26,"Spanish Grand Prix","1988-10-02",\N,"http://en.wikipedia.org/wiki/1988_Spanish_Grand_Prix"
386,1988,15,22,"Japanese Grand Prix","1988-10-30",\N,"http://en.wikipedia.org/wiki/1988_Japanese_Grand_Prix"
387,1988,16,29,"Australian Grand Prix","1988-11-13",\N,"http://en.wikipedia.org/wiki/1988_Australian_Grand_Prix"
388,1987,1,36,"Brazilian Grand Prix","1987-04-12",\N,"http://en.wikipedia.org/wiki/1987_Brazilian_Grand_Prix"
389,1987,2,21,"San Marino Grand Prix","1987-05-03",\N,"http://en.wikipedia.org/wiki/1987_San_Marino_Grand_Prix"
390,1987,3,13,"Belgian Grand Prix","1987-05-17",\N,"http://en.wikipedia.org/wiki/1987_Belgian_Grand_Prix"
391,1987,4,6,"Monaco Grand Prix","1987-05-31",\N,"http://en.wikipedia.org/wiki/1987_Monaco_Grand_Prix"
392,1987,5,37,"Detroit Grand Prix","1987-06-21",\N,"http://en.wikipedia.org/wiki/1987_Detroit_Grand_Prix"
393,1987,6,34,"French Grand Prix","1987-07-05",\N,"http://en.wikipedia.org/wiki/1987_French_Grand_Prix"
394,1987,7,9,"British Grand Prix","1987-07-12",\N,"http://en.wikipedia.org/wiki/1987_British_Grand_Prix"
395,1987,8,10,"German Grand Prix","1987-07-26",\N,"http://en.wikipedia.org/wiki/1987_German_Grand_Prix"
396,1987,9,11,"Hungarian Grand Prix","1987-08-09",\N,"http://en.wikipedia.org/wiki/1987_Hungarian_Grand_Prix"
397,1987,10,23,"Austrian Grand Prix","1987-08-16",\N,"http://en.wikipedia.org/wiki/1987_Austrian_Grand_Prix"
398,1987,11,14,"Italian Grand Prix","1987-09-06",\N,"http://en.wikipedia.org/wiki/1987_Italian_Grand_Prix"
399,1987,12,27,"Portuguese Grand Prix","1987-09-20",\N,"http://en.wikipedia.org/wiki/1987_Portuguese_Grand_Prix"
400,1987,13,26,"Spanish Grand Prix","1987-09-27",\N,"http://en.wikipedia.org/wiki/1987_Spanish_Grand_Prix"
401,1987,14,32,"Mexican Grand Prix","1987-10-18",\N,"http://en.wikipedia.org/wiki/1987_Mexican_Grand_Prix"
402,1987,15,22,"Japanese Grand Prix","1987-11-01",\N,"http://en.wikipedia.org/wiki/1987_Japanese_Grand_Prix"
403,1987,16,29,"Australian Grand Prix","1987-11-15",\N,"http://en.wikipedia.org/wiki/1987_Australian_Grand_Prix"
404,1986,1,36,"Brazilian Grand Prix","1986-03-23",\N,"http://en.wikipedia.org/wiki/1986_Brazilian_Grand_Prix"
405,1986,2,26,"Spanish Grand Prix","1986-04-13",\N,"http://en.wikipedia.org/wiki/1986_Spanish_Grand_Prix"
406,1986,3,21,"San Marino Grand Prix","1986-04-27",\N,"http://en.wikipedia.org/wiki/1986_San_Marino_Grand_Prix"
407,1986,4,6,"Monaco Grand Prix","1986-05-11",\N,"http://en.wikipedia.org/wiki/1986_Monaco_Grand_Prix"
408,1986,5,13,"Belgian Grand Prix","1986-05-25",\N,"http://en.wikipedia.org/wiki/1986_Belgian_Grand_Prix"
409,1986,6,7,"Canadian Grand Prix","1986-06-15",\N,"http://en.wikipedia.org/wiki/1986_Canadian_Grand_Prix"
410,1986,7,37,"Detroit Grand Prix","1986-06-22",\N,"http://en.wikipedia.org/wiki/1986_Detroit_Grand_Prix"
411,1986,8,34,"French Grand Prix","1986-07-06",\N,"http://en.wikipedia.org/wiki/1986_French_Grand_Prix"
412,1986,9,38,"British Grand Prix","1986-07-13",\N,"http://en.wikipedia.org/wiki/1986_British_Grand_Prix"
413,1986,10,10,"German Grand Prix","1986-07-27",\N,"http://en.wikipedia.org/wiki/1986_German_Grand_Prix"
414,1986,11,11,"Hungarian Grand Prix","1986-08-10",\N,"http://en.wikipedia.org/wiki/1986_Hungarian_Grand_Prix"
415,1986,12,23,"Austrian Grand Prix","1986-08-17",\N,"http://en.wikipedia.org/wiki/1986_Austrian_Grand_Prix"
416,1986,13,14,"Italian Grand Prix","1986-09-07",\N,"http://en.wikipedia.org/wiki/1986_Italian_Grand_Prix"
417,1986,14,27,"Portuguese Grand Prix","1986-09-21",\N,"http://en.wikipedia.org/wiki/1986_Portuguese_Grand_Prix"
418,1986,15,32,"Mexican Grand Prix","1986-10-12",\N,"http://en.wikipedia.org/wiki/1986_Mexican_Grand_Prix"
419,1986,16,29,"Australian Grand Prix","1986-10-26",\N,"http://en.wikipedia.org/wiki/1986_Australian_Grand_Prix"
420,1985,1,36,"Brazilian Grand Prix","1985-04-07",\N,"http://en.wikipedia.org/wiki/1985_Brazilian_Grand_Prix"
421,1985,2,27,"Portuguese Grand Prix","1985-04-21",\N,"http://en.wikipedia.org/wiki/1985_Portuguese_Grand_Prix"
422,1985,3,21,"San Marino Grand Prix","1985-05-05",\N,"http://en.wikipedia.org/wiki/1985_San_Marino_Grand_Prix"
423,1985,4,6,"Monaco Grand Prix","1985-05-19",\N,"http://en.wikipedia.org/wiki/1985_Monaco_Grand_Prix"
424,1985,5,7,"Canadian Grand Prix","1985-06-16",\N,"http://en.wikipedia.org/wiki/1985_Canadian_Grand_Prix"
425,1985,6,37,"Detroit Grand Prix","1985-06-23",\N,"http://en.wikipedia.org/wiki/1985_Detroit_Grand_Prix"
426,1985,7,34,"French Grand Prix","1985-07-07",\N,"http://en.wikipedia.org/wiki/1985_French_Grand_Prix"
427,1985,8,9,"British Grand Prix","1985-07-21",\N,"http://en.wikipedia.org/wiki/1985_British_Grand_Prix"
428,1985,9,20,"German Grand Prix","1985-08-04",\N,"http://en.wikipedia.org/wiki/1985_German_Grand_Prix"
429,1985,10,23,"Austrian Grand Prix","1985-08-18",\N,"http://en.wikipedia.org/wiki/1985_Austrian_Grand_Prix"
430,1985,11,39,"Dutch Grand Prix","1985-08-25",\N,"http://en.wikipedia.org/wiki/1985_Dutch_Grand_Prix"
431,1985,12,14,"Italian Grand Prix","1985-09-08",\N,"http://en.wikipedia.org/wiki/1985_Italian_Grand_Prix"
432,1985,13,13,"Belgian Grand Prix","1985-09-15",\N,"http://en.wikipedia.org/wiki/1985_Belgian_Grand_Prix"
433,1985,14,38,"European Grand Prix","1985-10-06",\N,"http://en.wikipedia.org/wiki/1985_European_Grand_Prix"
434,1985,15,30,"South African Grand Prix","1985-10-19",\N,"http://en.wikipedia.org/wiki/1985_South_African_Grand_Prix"
435,1985,16,29,"Australian Grand Prix","1985-11-03",\N,"http://en.wikipedia.org/wiki/1985_Australian_Grand_Prix"
436,1984,1,36,"Brazilian Grand Prix","1984-03-25",\N,"http://en.wikipedia.org/wiki/1984_Brazilian_Grand_Prix"
437,1984,2,30,"South African Grand Prix","1984-04-07",\N,"http://en.wikipedia.org/wiki/1984_South_African_Grand_Prix"
438,1984,3,40,"Belgian Grand Prix","1984-04-29",\N,"http://en.wikipedia.org/wiki/1984_Belgian_Grand_Prix"
439,1984,4,21,"San Marino Grand Prix","1984-05-06",\N,"http://en.wikipedia.org/wiki/1984_San_Marino_Grand_Prix"
440,1984,5,41,"French Grand Prix","1984-05-20",\N,"http://en.wikipedia.org/wiki/1984_French_Grand_Prix"
441,1984,6,6,"Monaco Grand Prix","1984-06-03",\N,"http://en.wikipedia.org/wiki/1984_Monaco_Grand_Prix"
442,1984,7,7,"Canadian Grand Prix","1984-06-17",\N,"http://en.wikipedia.org/wiki/1984_Canadian_Grand_Prix"
443,1984,8,37,"Detroit Grand Prix","1984-06-24",\N,"http://en.wikipedia.org/wiki/1984_Detroit_Grand_Prix"
444,1984,9,42,"Dallas Grand Prix","1984-07-08",\N,"http://en.wikipedia.org/wiki/1984_Dallas_Grand_Prix"
445,1984,10,38,"British Grand Prix","1984-07-22",\N,"http://en.wikipedia.org/wiki/1984_British_Grand_Prix"
446,1984,11,10,"German Grand Prix","1984-08-05",\N,"http://en.wikipedia.org/wiki/1984_German_Grand_Prix"
447,1984,12,23,"Austrian Grand Prix","1984-08-19",\N,"http://en.wikipedia.org/wiki/1984_Austrian_Grand_Prix"
448,1984,13,39,"Dutch Grand Prix","1984-08-26",\N,"http://en.wikipedia.org/wiki/1984_Dutch_Grand_Prix"
449,1984,14,14,"Italian Grand Prix","1984-09-09",\N,"http://en.wikipedia.org/wiki/1984_Italian_Grand_Prix"
450,1984,15,20,"European Grand Prix","1984-10-07",\N,"http://en.wikipedia.org/wiki/1984_European_Grand_Prix"
451,1984,16,27,"Portuguese Grand Prix","1984-10-21",\N,"http://en.wikipedia.org/wiki/1984_Portuguese_Grand_Prix"
452,1983,1,36,"Brazilian Grand Prix","1983-03-13",\N,"http://en.wikipedia.org/wiki/1983_Brazilian_Grand_Prix"
453,1983,2,43,"United States Grand Prix West","1983-03-27",\N,"http://en.wikipedia.org/wiki/1983_United_States_Grand_Prix_West"
454,1983,3,34,"French Grand Prix","1983-04-17",\N,"http://en.wikipedia.org/wiki/1983_French_Grand_Prix"
455,1983,4,21,"San Marino Grand Prix","1983-05-01",\N,"http://en.wikipedia.org/wiki/1983_San_Marino_Grand_Prix"
456,1983,5,6,"Monaco Grand Prix","1983-05-15",\N,"http://en.wikipedia.org/wiki/1983_Monaco_Grand_Prix"
457,1983,6,13,"Belgian Grand Prix","1983-05-22",\N,"http://en.wikipedia.org/wiki/1983_Belgian_Grand_Prix"
458,1983,7,37,"Detroit Grand Prix","1983-06-05",\N,"http://en.wikipedia.org/wiki/1983_Detroit_Grand_Prix"
459,1983,8,7,"Canadian Grand Prix","1983-06-12",\N,"http://en.wikipedia.org/wiki/1983_Canadian_Grand_Prix"
460,1983,9,9,"British Grand Prix","1983-07-16",\N,"http://en.wikipedia.org/wiki/1983_British_Grand_Prix"
461,1983,10,10,"German Grand Prix","1983-08-07",\N,"http://en.wikipedia.org/wiki/1983_German_Grand_Prix"
462,1983,11,23,"Austrian Grand Prix","1983-08-14",\N,"http://en.wikipedia.org/wiki/1983_Austrian_Grand_Prix"
463,1983,12,39,"Dutch Grand Prix","1983-08-28",\N,"http://en.wikipedia.org/wiki/1983_Dutch_Grand_Prix"
464,1983,13,14,"Italian Grand Prix","1983-09-11",\N,"http://en.wikipedia.org/wiki/1983_Italian_Grand_Prix"
465,1983,14,38,"European Grand Prix","1983-09-25",\N,"http://en.wikipedia.org/wiki/1983_European_Grand_Prix"
466,1983,15,30,"South African Grand Prix","1983-10-15",\N,"http://en.wikipedia.org/wiki/1983_South_African_Grand_Prix"
467,1982,1,30,"South African Grand Prix","1982-01-23",\N,"http://en.wikipedia.org/wiki/1982_South_African_Grand_Prix"
468,1982,2,36,"Brazilian Grand Prix","1982-03-21",\N,"http://en.wikipedia.org/wiki/1982_Brazilian_Grand_Prix"
469,1982,3,43,"United States Grand Prix West","1982-04-04",\N,"http://en.wikipedia.org/wiki/1982_United_States_Grand_Prix_West"
470,1982,4,21,"San Marino Grand Prix","1982-04-25",\N,"http://en.wikipedia.org/wiki/1982_San_Marino_Grand_Prix"
471,1982,5,40,"Belgian Grand Prix","1982-05-09",\N,"http://en.wikipedia.org/wiki/1982_Belgian_Grand_Prix"
472,1982,6,6,"Monaco Grand Prix","1982-05-23",\N,"http://en.wikipedia.org/wiki/1982_Monaco_Grand_Prix"
473,1982,7,37,"Detroit Grand Prix","1982-06-06",\N,"http://en.wikipedia.org/wiki/1982_Detroit_Grand_Prix"
474,1982,8,7,"Canadian Grand Prix","1982-06-13",\N,"http://en.wikipedia.org/wiki/1982_Canadian_Grand_Prix"
475,1982,9,39,"Dutch Grand Prix","1982-07-03",\N,"http://en.wikipedia.org/wiki/1982_Dutch_Grand_Prix"
476,1982,10,38,"British Grand Prix","1982-07-18",\N,"http://en.wikipedia.org/wiki/1982_British_Grand_Prix"
477,1982,11,34,"French Grand Prix","1982-07-25",\N,"http://en.wikipedia.org/wiki/1982_French_Grand_Prix"
478,1982,12,10,"German Grand Prix","1982-08-08",\N,"http://en.wikipedia.org/wiki/1982_German_Grand_Prix"
479,1982,13,23,"Austrian Grand Prix","1982-08-15",\N,"http://en.wikipedia.org/wiki/1982_Austrian_Grand_Prix"
480,1982,14,41,"Swiss Grand Prix","1982-08-29",\N,"http://en.wikipedia.org/wiki/1982_Swiss_Grand_Prix"
481,1982,15,14,"Italian Grand Prix","1982-09-12",\N,"http://en.wikipedia.org/wiki/1982_Italian_Grand_Prix"
482,1982,16,44,"Caesars Palace Grand Prix","1982-09-25",\N,"http://en.wikipedia.org/wiki/1982_Caesars_Palace_Grand_Prix"
483,1981,1,43,"United States Grand Prix West","1981-03-15",\N,"http://en.wikipedia.org/wiki/1981_United_States_Grand_Prix_West"
484,1981,2,36,"Brazilian Grand Prix","1981-03-29",\N,"http://en.wikipedia.org/wiki/1981_Brazilian_Grand_Prix"
485,1981,3,25,"Argentine Grand Prix","1981-04-12",\N,"http://en.wikipedia.org/wiki/1981_Argentine_Grand_Prix"
486,1981,4,21,"San Marino Grand Prix","1981-05-03",\N,"http://en.wikipedia.org/wiki/1981_San_Marino_Grand_Prix"
487,1981,5,40,"Belgian Grand Prix","1981-05-17",\N,"http://en.wikipedia.org/wiki/1981_Belgian_Grand_Prix"
488,1981,6,6,"Monaco Grand Prix","1981-05-31",\N,"http://en.wikipedia.org/wiki/1981_Monaco_Grand_Prix"
489,1981,7,45,"Spanish Grand Prix","1981-06-21",\N,"http://en.wikipedia.org/wiki/1981_Spanish_Grand_Prix"
490,1981,8,41,"French Grand Prix","1981-07-05",\N,"http://en.wikipedia.org/wiki/1981_French_Grand_Prix"
491,1981,9,9,"British Grand Prix","1981-07-18",\N,"http://en.wikipedia.org/wiki/1981_British_Grand_Prix"
492,1981,10,10,"German Grand Prix","1981-08-02",\N,"http://en.wikipedia.org/wiki/1981_German_Grand_Prix"
493,1981,11,23,"Austrian Grand Prix","1981-08-16",\N,"http://en.wikipedia.org/wiki/1981_Austrian_Grand_Prix"
494,1981,12,39,"Dutch Grand Prix","1981-08-30",\N,"http://en.wikipedia.org/wiki/1981_Dutch_Grand_Prix"
495,1981,13,14,"Italian Grand Prix","1981-09-13",\N,"http://en.wikipedia.org/wiki/1981_Italian_Grand_Prix"
496,1981,14,7,"Canadian Grand Prix","1981-09-27",\N,"http://en.wikipedia.org/wiki/1981_Canadian_Grand_Prix"
497,1981,15,44,"Caesars Palace Grand Prix","1981-10-17",\N,"http://en.wikipedia.org/wiki/1981_Caesars_Palace_Grand_Prix"
498,1980,1,25,"Argentine Grand Prix","1980-01-13",\N,"http://en.wikipedia.org/wiki/1980_Argentine_Grand_Prix"
499,1980,2,18,"Brazilian Grand Prix","1980-01-27",\N,"http://en.wikipedia.org/wiki/1980_Brazilian_Grand_Prix"
500,1980,3,30,"South African Grand Prix","1980-03-01",\N,"http://en.wikipedia.org/wiki/1980_South_African_Grand_Prix"
501,1980,4,43,"United States Grand Prix West","1980-03-30",\N,"http://en.wikipedia.org/wiki/1980_United_States_Grand_Prix_West"
502,1980,5,40,"Belgian Grand Prix","1980-05-04",\N,"http://en.wikipedia.org/wiki/1980_Belgian_Grand_Prix"
503,1980,6,6,"Monaco Grand Prix","1980-05-18",\N,"http://en.wikipedia.org/wiki/1980_Monaco_Grand_Prix"
504,1980,7,34,"French Grand Prix","1980-06-29",\N,"http://en.wikipedia.org/wiki/1980_French_Grand_Prix"
505,1980,8,38,"British Grand Prix","1980-07-13",\N,"http://en.wikipedia.org/wiki/1980_British_Grand_Prix"
506,1980,9,10,"German Grand Prix","1980-08-10",\N,"http://en.wikipedia.org/wiki/1980_German_Grand_Prix"
507,1980,10,23,"Austrian Grand Prix","1980-08-17",\N,"http://en.wikipedia.org/wiki/1980_Austrian_Grand_Prix"
508,1980,11,39,"Dutch Grand Prix","1980-08-31",\N,"http://en.wikipedia.org/wiki/1980_Dutch_Grand_Prix"
509,1980,12,21,"Italian Grand Prix","1980-09-14",\N,"http://en.wikipedia.org/wiki/1980_Italian_Grand_Prix"
510,1980,13,7,"Canadian Grand Prix","1980-09-28",\N,"http://en.wikipedia.org/wiki/1980_Canadian_Grand_Prix"
511,1980,14,46,"United States Grand Prix","1980-10-05",\N,"http://en.wikipedia.org/wiki/1980_United_States_Grand_Prix"
512,1979,1,25,"Argentine Grand Prix","1979-01-21",\N,"http://en.wikipedia.org/wiki/1979_Argentine_Grand_Prix"
513,1979,2,18,"Brazilian Grand Prix","1979-02-04",\N,"http://en.wikipedia.org/wiki/1979_Brazilian_Grand_Prix"
514,1979,3,30,"South African Grand Prix","1979-03-03",\N,"http://en.wikipedia.org/wiki/1979_South_African_Grand_Prix"
515,1979,4,43,"United States Grand Prix West","1979-04-08",\N,"http://en.wikipedia.org/wiki/1979_United_States_Grand_Prix_West"
516,1979,5,45,"Spanish Grand Prix","1979-04-29",\N,"http://en.wikipedia.org/wiki/1979_Spanish_Grand_Prix"
517,1979,6,40,"Belgian Grand Prix","1979-05-13",\N,"http://en.wikipedia.org/wiki/1979_Belgian_Grand_Prix"
518,1979,7,6,"Monaco Grand Prix","1979-05-27",\N,"http://en.wikipedia.org/wiki/1979_Monaco_Grand_Prix"
519,1979,8,41,"French Grand Prix","1979-07-01",\N,"http://en.wikipedia.org/wiki/1979_French_Grand_Prix"
520,1979,9,9,"British Grand Prix","1979-07-14",\N,"http://en.wikipedia.org/wiki/1979_British_Grand_Prix"
521,1979,10,10,"German Grand Prix","1979-07-29",\N,"http://en.wikipedia.org/wiki/1979_German_Grand_Prix"
522,1979,11,23,"Austrian Grand Prix","1979-08-12",\N,"http://en.wikipedia.org/wiki/1979_Austrian_Grand_Prix"
523,1979,12,39,"Dutch Grand Prix","1979-08-26",\N,"http://en.wikipedia.org/wiki/1979_Dutch_Grand_Prix"
524,1979,13,14,"Italian Grand Prix","1979-09-09",\N,"http://en.wikipedia.org/wiki/1979_Italian_Grand_Prix"
525,1979,14,7,"Canadian Grand Prix","1979-09-30",\N,"http://en.wikipedia.org/wiki/1979_Canadian_Grand_Prix"
526,1979,15,46,"United States Grand Prix","1979-10-07",\N,"http://en.wikipedia.org/wiki/1979_United_States_Grand_Prix"
527,1978,1,25,"Argentine Grand Prix","1978-01-15",\N,"http://en.wikipedia.org/wiki/1978_Argentine_Grand_Prix"
528,1978,2,36,"Brazilian Grand Prix","1978-01-29",\N,"http://en.wikipedia.org/wiki/1978_Brazilian_Grand_Prix"
529,1978,3,30,"South African Grand Prix","1978-03-04",\N,"http://en.wikipedia.org/wiki/1978_South_African_Grand_Prix"
530,1978,4,43,"United States Grand Prix West","1978-04-02",\N,"http://en.wikipedia.org/wiki/1978_United_States_Grand_Prix_West"
531,1978,5,6,"Monaco Grand Prix","1978-05-07",\N,"http://en.wikipedia.org/wiki/1978_Monaco_Grand_Prix"
532,1978,6,40,"Belgian Grand Prix","1978-05-21",\N,"http://en.wikipedia.org/wiki/1978_Belgian_Grand_Prix"
533,1978,7,45,"Spanish Grand Prix","1978-06-04",\N,"http://en.wikipedia.org/wiki/1978_Spanish_Grand_Prix"
534,1978,8,47,"Swedish Grand Prix","1978-06-17",\N,"http://en.wikipedia.org/wiki/1978_Swedish_Grand_Prix"
535,1978,9,34,"French Grand Prix","1978-07-02",\N,"http://en.wikipedia.org/wiki/1978_French_Grand_Prix"
536,1978,10,38,"British Grand Prix","1978-07-16",\N,"http://en.wikipedia.org/wiki/1978_British_Grand_Prix"
537,1978,11,10,"German Grand Prix","1978-07-30",\N,"http://en.wikipedia.org/wiki/1978_German_Grand_Prix"
538,1978,12,23,"Austrian Grand Prix","1978-08-13",\N,"http://en.wikipedia.org/wiki/1978_Austrian_Grand_Prix"
539,1978,13,39,"Dutch Grand Prix","1978-08-27",\N,"http://en.wikipedia.org/wiki/1978_Dutch_Grand_Prix"
540,1978,14,14,"Italian Grand Prix","1978-09-10",\N,"http://en.wikipedia.org/wiki/1978_Italian_Grand_Prix"
541,1978,15,46,"United States Grand Prix","1978-10-01",\N,"http://en.wikipedia.org/wiki/1978_United_States_Grand_Prix"
542,1978,16,7,"Canadian Grand Prix","1978-10-08",\N,"http://en.wikipedia.org/wiki/1978_Canadian_Grand_Prix"
543,1977,1,25,"Argentine Grand Prix","1977-01-09",\N,"http://en.wikipedia.org/wiki/1977_Argentine_Grand_Prix"
544,1977,2,18,"Brazilian Grand Prix","1977-01-23",\N,"http://en.wikipedia.org/wiki/1977_Brazilian_Grand_Prix"
545,1977,3,30,"South African Grand Prix","1977-03-05",\N,"http://en.wikipedia.org/wiki/1977_South_African_Grand_Prix"
546,1977,4,43,"United States Grand Prix West","1977-04-03",\N,"http://en.wikipedia.org/wiki/1977_United_States_Grand_Prix_West"
547,1977,5,45,"Spanish Grand Prix","1977-05-08",\N,"http://en.wikipedia.org/wiki/1977_Spanish_Grand_Prix"
548,1977,6,6,"Monaco Grand Prix","1977-05-22",\N,"http://en.wikipedia.org/wiki/1977_Monaco_Grand_Prix"
549,1977,7,40,"Belgian Grand Prix","1977-06-05",\N,"http://en.wikipedia.org/wiki/1977_Belgian_Grand_Prix"
550,1977,8,47,"Swedish Grand Prix","1977-06-19",\N,"http://en.wikipedia.org/wiki/1977_Swedish_Grand_Prix"
551,1977,9,41,"French Grand Prix","1977-07-03",\N,"http://en.wikipedia.org/wiki/1977_French_Grand_Prix"
552,1977,10,9,"British Grand Prix","1977-07-16",\N,"http://en.wikipedia.org/wiki/1977_British_Grand_Prix"
553,1977,11,10,"German Grand Prix","1977-07-31",\N,"http://en.wikipedia.org/wiki/1977_German_Grand_Prix"
554,1977,12,23,"Austrian Grand Prix","1977-08-14",\N,"http://en.wikipedia.org/wiki/1977_Austrian_Grand_Prix"
555,1977,13,39,"Dutch Grand Prix","1977-08-28",\N,"http://en.wikipedia.org/wiki/1977_Dutch_Grand_Prix"
556,1977,14,14,"Italian Grand Prix","1977-09-11",\N,"http://en.wikipedia.org/wiki/1977_Italian_Grand_Prix"
557,1977,15,46,"United States Grand Prix","1977-10-02",\N,"http://en.wikipedia.org/wiki/1977_United_States_Grand_Prix"
558,1977,16,48,"Canadian Grand Prix","1977-10-09",\N,"http://en.wikipedia.org/wiki/1977_Canadian_Grand_Prix"
559,1977,17,16,"Japanese Grand Prix","1977-10-23",\N,"http://en.wikipedia.org/wiki/1977_Japanese_Grand_Prix"
560,1976,1,18,"Brazilian Grand Prix","1976-01-25",\N,"http://en.wikipedia.org/wiki/1976_Brazilian_Grand_Prix"
561,1976,2,30,"South African Grand Prix","1976-03-06",\N,"http://en.wikipedia.org/wiki/1976_South_African_Grand_Prix"
562,1976,3,43,"United States Grand Prix West","1976-03-28",\N,"http://en.wikipedia.org/wiki/1976_United_States_Grand_Prix_West"
563,1976,4,45,"Spanish Grand Prix","1976-05-02",\N,"http://en.wikipedia.org/wiki/1976_Spanish_Grand_Prix"
564,1976,5,40,"Belgian Grand Prix","1976-05-16",\N,"http://en.wikipedia.org/wiki/1976_Belgian_Grand_Prix"
565,1976,6,6,"Monaco Grand Prix","1976-05-30",\N,"http://en.wikipedia.org/wiki/1976_Monaco_Grand_Prix"
566,1976,7,47,"Swedish Grand Prix","1976-06-13",\N,"http://en.wikipedia.org/wiki/1976_Swedish_Grand_Prix"
567,1976,8,34,"French Grand Prix","1976-07-04",\N,"http://en.wikipedia.org/wiki/1976_French_Grand_Prix"
568,1976,9,38,"British Grand Prix","1976-07-18",\N,"http://en.wikipedia.org/wiki/1976_British_Grand_Prix"
569,1976,10,20,"German Grand Prix","1976-08-01",\N,"http://en.wikipedia.org/wiki/1976_German_Grand_Prix"
570,1976,11,23,"Austrian Grand Prix","1976-08-15",\N,"http://en.wikipedia.org/wiki/1976_Austrian_Grand_Prix"
571,1976,12,39,"Dutch Grand Prix","1976-08-29",\N,"http://en.wikipedia.org/wiki/1976_Dutch_Grand_Prix"
572,1976,13,14,"Italian Grand Prix","1976-09-12",\N,"http://en.wikipedia.org/wiki/1976_Italian_Grand_Prix"
573,1976,14,48,"Canadian Grand Prix","1976-10-03",\N,"http://en.wikipedia.org/wiki/1976_Canadian_Grand_Prix"
574,1976,15,46,"United States Grand Prix","1976-10-10",\N,"http://en.wikipedia.org/wiki/1976_United_States_Grand_Prix"
575,1976,16,16,"Japanese Grand Prix","1976-10-24",\N,"http://en.wikipedia.org/wiki/1976_Japanese_Grand_Prix"
576,1975,1,25,"Argentine Grand Prix","1975-01-12",\N,"http://en.wikipedia.org/wiki/1975_Argentine_Grand_Prix"
577,1975,2,18,"Brazilian Grand Prix","1975-01-26",\N,"http://en.wikipedia.org/wiki/1975_Brazilian_Grand_Prix"
578,1975,3,30,"South African Grand Prix","1975-03-01",\N,"http://en.wikipedia.org/wiki/1975_South_African_Grand_Prix"
579,1975,4,49,"Spanish Grand Prix","1975-04-27",\N,"http://en.wikipedia.org/wiki/1975_Spanish_Grand_Prix"
580,1975,5,6,"Monaco Grand Prix","1975-05-11",\N,"http://en.wikipedia.org/wiki/1975_Monaco_Grand_Prix"
